70,P1,P2,P3,P4,P5,P6,P7,P8
rinstasuki,Cγ2 Perisov,V$ Spart,BOT Saru,BOT Galla,JP Jesús,Rc9 ZeldaCubed,XIV Korra,XIV GabrielUS
sprixy,XI Fox,sl brody,«♪» Sal,Σz Hintz,βτ Hedwig,[L]2 KA,Ac Thunda,£★ Jeff
Luxii,XI Xander,Ma* py,Ma* cl,Ac Thunda,«♪» Sal,@NN1 Mio,KG jake,@NN2 Broken
Hibano,XI Fox,Ma* cl,Ac Kasper,«♪» Sal,Purξ ayanami,Σz Hintz,XII Alessio,Shiny Asuna
May,Ω Boshi,ban k ton,£★ mura,Ac Thunda,«♪» Sal,βτ Hedwig,Σz Hintz,HK2 kitty
Alx,XI Xander,IF Berry,Ma* py,RS stripe,@NN1 Mio,Yz Dryade,Shiny Asuna,XIV Korra
mephisto,KG mike,Purξ ayanami,«♪» Kenny,Mι Alberto,Yz Vicious,Ma* Zn,Mt. Fred,@NN1 Mio
Striker,Rc9 Ankuh,ban k kali,Mate Theo,Cγ1 Klyde,sl brody,XII Airko,Mt. Fred,XI Fox
Klyde,XI Xander,Ma* cl,sl brody,ßÿ Spade,Cγ1 Dan,Cγ2 rin,BOT Saru,glw EvanTX
Dragonfly99,£★ Jeff,Ac Thunda,[L]2 Jed,MY13 Cormac,@NN1 Mio,Ω Weexy,Shiny Asuna,V$ Spart
Cameron,TNG chaos,Ac Thunda,JP Jesús,EXO Yoshter,[L]1 Zestos,[L]1 macy,βτ Alex,mono Snowy
Noah Cove,IF Berry,TNG chaos,TNG Noah Cove,mono Bboy02,Mι JackCAN,Se Shawn,XIV Cheesebait,Cγ1 Dorian
brisk,sl Thunder,TNG chaos,Ma* cl,[L]1 taka,Se Revan,βτ Sassak,EXO Rey,£★ Jeff
chi,Ac Kasper,sl brody,«♪» Sal,Mt. Fred,Shiny Asuna,Se Revan,XI Xander,XIV Korra
Fizzy,HK1 xWill,HK2 Snoopy,[L]1 Zestos,TNG chaos,beγønd akiza,mono Bboy02,«♪» Sal,MY13 Cormac
Alex!,mono landon,HK1 xWill,Ac Thunda,Se swig,LV zDevil753,[L]1 macy,KG mike,sl Thunder
Alex,Ma* chi,«♪» Sal,Mt. Lonie,£★ Jeff,Shiny Asuna,@NN1 Mio,XII Ariko,Mt. Fred
Bally,«♪» Sal,HK1 xWill,TNG chaos,IF Berry,Shiny Asuna,sl Thunder,pΨ Bally,MY13 Cormac
taka,£★ Jeff,sl brody,Ma* py,LV Derek,«♪» Sal,XIV Korra,HK1 xWill,XI Xander
darius,£★ Jeff,Ac Thunda,XI Xander,«♪» Sal,KG Batcake,Mt. Fred,Σz Hintz,Berserk FioNa
houzamijagr,glw Jonny,XIV Korra,Mι JackCAN,mono landon,@NN1 Mio,XXX Slide,RS stripe,«♪» Kenny
rey,TNG chaos,«♪» Sal,XII Airko,βτ Alex ,Yz Dryade,sl brody,XI Xander,JP Jesús
fusion,XI barney,£★ Mura,«♪» Sal,Ma* Zn,Ac Thunda,@NN1 4Vex,@NN1 Mio,[L]2 KA
Elana,V$ Spart,[L]1 Zestos,glw Jonny,sl brody,MY13 Cormac,TNG chaos,XIV Korra,[L]2 KA
Jake.,Se swig,Mt. Fred,MY13 Cormac,@NN1 Mio,Mate Toddy,RISE Nxvy,XIV Korra,[L]2 KA
4Vex,£★ Jeff,sl Thunder,«♪» Kenny,Berserk Kapera,Yz Dryade,@NN2 Broken,XIV Korra,Rc9 Ankuh
Elbing,ban k Dams,VM charichan,Berserk Kapera,«♪» Sal,Cγ1 Dan,Mι JackCAN,λυ Fernandez,£★ Kevin
Lonie,Ac Thunda,«♪» Kenny ,Mate Toddy,βτ Hedwig,Shiny Asuna,XII Airko,GUN Fatal,glw Kumbha
Snowy,HK1 xWill,mono landon,JP Jesús,XI Xander,RISE AceBeaton,LV derek,£★ Jeff,«♪» Sal
twingy,KG JAVO,sl Thunder,ßÿ Declan,@NN1 Mio,VM charichan,Shiny Asuna,beγønd akiza,mono landon
Hisa,XI Xander,IF Berry,Mt. Fred,[L]2 KA,Berserk sukay,RS stripe,Shiny Asuna,XIV Korra
Deano,Shiny Asuna,XIV Korra,Mt. Fred,«♪» Kenny,λυ Fernandez,Yz Dryade,Rc9 Ankuh,mono landon
Fay,£★ crash,Ma* py,Ma* chi,«♪» Kenny,XIV Korra,mono Bboy02,Rc9 ZeldaCubed,Cy1 Dan
Fordj,£★ Jeff,Mt. Fred,MY13 Kira,HK1 Schwoz,Σz Hintz,TNG chaos,HK2 Snoopy,ban k kali
Mage,Rc9 Ankuh,glw squirrel,«♪» Sal,Ac Thunda,£★ Jeff,ban k ton,mono landon,TNG chaos
Zesti,TNG chaos,RISE AceBeaton,«♪» Sal,sl brody,Shiny Asuna,RS stripe,XI Xander,£★ Jeff
Schultz,TNG chaos,RS stripe,«♪» Sal,Ac Thunda,Mt. Fred,XIV Korra,£★ Jeff,@NN1 Mio
cruste,£★ Jeff,KG Batcake,Ac Thunda,sl brody,£★ Kasperinos,Se Starstrike,TNG chaos,XIV Korra
Solar,XI Xander,«♪» Sal,RS stripe,sl brody,XXX Slide,JP Jesús,ban k ton,Yz Dryade
zDevil753,XI Xander,£★ Jeff,KG ornan,Mt. Lucid,HK1 xWill,Mι Alberto,RS Goofy,βτ Alex
Airko,HEX: Istior,glw Sam G,sl Rerim,@NN1 Mio,JP Sota,XII Master67x,Se Shawn,RISE Nxvy
Kyu,XI Xander,JP Jesús,«♪» Sal,Mt. Fred,£★ Jeff,Yz Dryade,Purξ ayanami,@NN1 Mio
Spencer,£★ Jeff,Ac Thunda,[L]2 KA,LV Derek,RS stripe,@NN1 Mio,TNG chaos,Shiny Asuna
Vinny,£★ Jeff,XI Fox,XXX Slide,Yz Leo,Ac Thunda,sl Thunder,JP Jesús,GUN Space
Sam G,RISE AceBeaton,Ω Weexy,Shiny Asuna,XIV Korra,XI Xander,£★ Jeff,Σz Hintz,glw Jonny
Dermo,IF Berry,IF Snow,Cy1 Klyde,Cy1 Dan,«♪» Sal,TNG Dino,mono landon,XIV Korra
Dubzville,λυ Fernandez,XIV Korra,«♪» Sal,Shiny Asuna,pΨ Bally,sl Thunder,RS stripe,beγønd akiza
Dams,ban k kali,XI Feysal,glw Jonny,mono landon,HK1 xWill,sl brody,TNG chaos,Ac Thunda
tori yzyan,£★ mura,XIV Korra,Ac Thunda,«♪» Kenny,λυ MatthewAUS,Σz Hintz,Ma* Zn,EXO Yoshter
dhavz,glw Jonny,Cy2 Wob,HK2 kitty,Ω Ice,Σz May,[L]2 KA,Ac Thunda,XI Fox
Arvin,£★ Crash,KG Batcake,Ac Kasper,[L]2 KA,«♪» Sal,Mt. Lucid,RISE AceBeaton,RS stripe
Sardine,XI Xander,«♪» Sal,sl brody,Berserk FioNa,Σz Hintz,Ω Weexy,Shiny Asuna,XIV Korra
Daze,XI Xander,Shiny Asuna,GUN Space,Mt. subaza,Ma* py,HK1 xWill,HEX: setsumi,sl brody
Yoshter,Mι Alberto,HK1 Schwoz,XXX Insane,HK2 Nlaw,ßÿ Fire,@NN1 Mio,RS skylar,[L]2 Justin
Hydr8ion,βτ Hydr8ion,Rc9 dksc4life,Mate WoomyUS,XIV GabrielUS,TNG Dino,λυ Baked Bean,£★ mura,Shiny MuraJPN
Alexander,XI Fox,Ac Thunda,[L]2 KA,Mι JackCAN,VM charichan,XII Yoyoto,JP Mythos,ban k ton
Log,«♪» Sal,KG Batcake,IF Berry,GAMT Arvo,sl brody,Ac Thunda,XIV Korra,JP Jesús
Triclops,Ac Thunda,£★ Jeff,IF Berry,JP Jesús,XI Fox,mono landon,RS stripe,HK1 xWill
Snoopy,HK1 xWill,IF Berry,XIV Korra,Mt. Fred,«♪» Sal,mono Snowy,sl brody,beγønd akiza
jayde,XI Xander,sl Thunder,sl brody,HK1 xWill,HK1 Schwoz,mono landon,£★ Kevin,RS stripe
Bboy02,IF Berry,TNG chaos,RS stripe,LV Derek,λυ MatthewAUS,Mι JackCAN,sl brody,BOT Saru
z joe,XI Xander,£★ Jeff,Ac Thunda,sl Thunder,[L]2 KA,Lε Monty,Rc9 Ankuh,glw draggy
Jesse,Mi Alberto,Shiny Asuna,XIV Korra,Ac Stubbz,sl Thunder,glw Jonny,Σz Soony,Ma* Zn
merpson,glw Kumbha,RISE zyr,XI Xander,??? mythdragon,ban k ton,Ma* cl,mono landon,«♪» Sal
Lukas,JP Jesús,GUN Space,GUN Fatal,@NN1 byron,Berserk Kapera,Yz Dryade,@NN2 Broken,Rc9 Ankuh
Alpha,Ac Thunda,Ma* cl,glw Jonny,[L]1 Zestos,LV Derek,«♪» Sal,BOT Galla,XIV Korra
xWill,Shiny Asuna,RISE AceBeaton,Purξ ayanami,XIV Korra,Ac Thunda,LV Derek,λυ Fernandez,Yz Dryade
NateRNH,Shiny Asuna,Ac Thunda,IF Berry,£★ mura,beyond Zyra,sl brody,HK1 xWill,glw Jonny
Ragemodepigeon,£★ Jeff,Cy2 Ket,glw myles,Ma* chi,XI Xander,GUN Space,GUN Shura,HK2 Blue Up
Fear,XI Xander,λυ Fernandez,mono BBoy02,glw Jonny,RISE AceBeaton,TNG chaos,Ac Thunda,Σz Hintz