63,P1,P2,P3,P4,P5,P6,P7,P8
rinstasuki,Cγ2 Perisov ,V$ Spart,BOT Saru,BOT Galla,JP Jesus,Rc9 ZCubed,XIV Korra,XIV Gabriel
sprixy,XI Fox,sl brody,«♪» Sal,Σz Hintz,βτ Hedwig,[L]2 KA,Ac Thunda,£★ Jeff
Luxii,XI Xander,Ma* py,Ma* cl,Ac Thunda,«♪» Sal,@NN1 Mio,KG Jake,@NN2 Broken
Hibano,XI Fox,Ma* cl,Ac Kasper,«♪» Sal,Purξ ayanami,Σz Hintz,XII Alessio,Shiny Asuna
May,Ω Boshi,ban k ton,£★ mura,Ac Thunda,«♪» Sal,βτ Hedwig,Σz Hintz,HK2 kitty
Alx,XI Xander,IF Berry,Ma* py,RS Stripe,@NN1 Mio,Yz Shiv,Shiny Asuna,XIV Korra
mephisto,KG mike,Purξ Ayanami,«♪» Kenny,Mι Alberto,Yz Vicious,Ma* zn,Mt. Fred,@NN1 Mio
Striker,Rc9 Jared,ban k Kali,Mate Theo,Cγ1 Klyde,sl Brody,Xii Airko,Mt. Fred,XI Fox
Klyde,XI Xander,Ma* cl,sl Brody,ßÿ Spade,Cγ1 Dan,Cγ2 Rin,BOT Saru,glw Evan
Dragonfly99,£★ Jeff,Ac Thunda,[L]1 Jed,MY13 Cormac,@NN1 Mio,Ω Weexy,Shiny Asuna,V$ Spart
Cameron,TNG Chaos,Ac Thunda,JP Jesus,EXO Yoshter,[L]1 Zesti,[L]1 macy,βτ Alex,mono Snowy
Noah Cove,IF Berry,TNG Chaos,TNG Noah Cove,mono Bboy02,Mι JackCAN,Se Shawn,XIV Cheesebait,Cγ1 Dorian
brisk,sl Thunder,TNG Chaos,Ma* cl,[L]1 Taka,Se Revan,βτ Sassak,EXO Rey,£★ Jeff
chi,Ac Kasper,sl brody,«♪» Sal,Mt. Fred,Shiny Hisa,Se Revan,XI Xander,XIV Korra
Fizzy,HK1 xWill,HK2 Snoopy,[L]1 Zestos,TNG chaos,beγønd Akiza,mono Bboy02,«♪» Sal,MY13 Cormac
Alex!,mono landon,HK1 xWill,Ac Thunda,Se swig,LV zDevil753,[L]1 macy,KG mike,sl Thunder
Alex,Ma* chi,«♪» Sal,Mt. Lonie,£★ Jeff,Shiny Asuna,@NN1 Mio,XII Ariko,Mt. Fred
Bally,«♪» Sal,HK1 xWill,TNG chaos,IF Berry,Shiny Asuna,sl Thunder,pΨ Bally,MY13 Cormac
taka,£★ Jeff,sl brody,Ma* py,LV Derek,«♪» Sal,XIV Korra,HK1 xWill,XI Xander
darius,£★ Jeff,Ac Thunda,XI Xander,«♪» Sal,KG Batcake,Mt. Fred,Σz Hintz,Be`★ FioNa
houzamijagr,glw Jonny,XIV Korra,Mι JackCAN,mono Landon,@NN1 Mio,XXX Slidair,RS Stripe,«♪» Kenny
rey,TNG Chaos,«♪» Sal,XII Airko,βτ Alex F,Yz Shiv,sl Brody,XI Xander,JP Jesus
fusion,XI Barney,£★ Mura,«♪» Sal,Ma* zn,Ac Thunda,@NN1 4vex,@NN1 Mio,[L]2 KA
Elana,V$ Spart,[L]1 Zesti,glw Jonny,sl Brody,MY13 Cormac,TNG Chaos,XIV Korra,[L]2 KA
Jake.,Se swig,Mt. Fred,MY13 Cormac,@NN1 Mio,Mate Toddy,RISE Nxvy,XIV Korra,[L]2 KA
4Vex,£★ Jeff,sl Thunder,«♪» Kenny,Be`★ Kapera,Yz Shiv,@NN2 Broken,XIV Korra,Rc9 Jared
Elbing,ban k Dams,VM charichan,Be`★ Kapera,«♪» Sal,Cγ1 Dan,Mι JackCAN,λυ Fernandez,£★ Kevin
Lonie,Ac Thunda,«♪» Kenny ,Mate Toddy,βτ Hedwig,Shiny Hisa,XII Airko,GUN Fatal,glw Kumbha
Snowy,HK1 xWill,mono landon,JP Jesus,XI Xander,RISE AceBeaton,LV derek,£★ Jeff,«♪» Sal
twingy,KG JAVO,sl Thunder,ßÿ Declan,@NN1 Mio,VM Charichan,Shiny Asuna,beγønd Akiza,mono landon
Hisa,XI Xander,IF Berry,Mt. Fred,[L]2 KA,Be`★ Sukay,RS Stripe,Shiny Asuna,XIV Korra
Deano,Shiny Asuna,XIV Korra,Mt. Fred,«♪» Kenny,λυ Fernandez,Yz Shiv,Rc9 Jared,mono landon
Fay,£★ Crash,Ma* Py,Ma* chi,«♪» Kenny,XIV Korra,mono Bboy02,Rc9 ZCubed,Cy1 Dan
Fordj,£★ Jeff,Mt. Fred,MY13 Kira,HK1 Schwoz,Σz Hintz,TNG Chaos,HK2 Snoopy,ban k kali
Mage,Rc9 Jared,glw squirrel,«♪» Sal,Ac Thunda,£★ Jeff,ban k ton,mono landon,TNG Chaos
Zesti,TNG Chaos,RISE AceBeaton,«♪» Sal,sl Brody,Shiny Asuna,RS Stripe,XI Xander,£★ Jeff
Schultz,TNG Chaos,RS Stripe,«♪» Sal,Ac Thunda,Mt. Fred,XIV Korra,£★ Jeff,@NN1 Mio
cruste,£★ Jeff,KG Batcake,Ac Thunda,sl brody,£★ Kasperinos,Se Starstrike,TNG Chaos,XIV Korra
Solar,XI Xander,«♪» Sal,RS Stripe,sl Brody,XXX Slidair,JP Jesus,ban k ton,Yz Shiv
zDevil753,XI Xander,£★ Jeff,KG ornan,Mt. Lucid,HK1 xWill,Mι Alberto,RS Goofy,βτ Alex
Airko,HEX: Istior,glw Sam G,sl Rerim,@NN1 Mio,JP Sota,XII Master67x,Se Shawn,RISE Nxvy
Kyu,XI Xander,JP Jesus,«♪» Sal,Mt. Fred,£★ Jeff,Yz Shiv,Purξ Ayanami,@NN1 Mio
Spencer,£★ Jeff,Ac Thunda,[L]2 KA,LV Derek,RS Stripe,@NN1 Mio,TNG Chaos,Shiny Asuna
Vinny,£★ Jeff,XI Fox,XXX Slide,Yz Leo,Ac Thunda,sl Thunder,JP Jesus,GUN Space
Sam G,RISE AceBeaton,XI Xander,Shiny Asuna,XIV Korra,beγønd Akiza,£★ Jeff,Σz Hintz,glw Jonny
Dermo,IF Berry,IF Snow,Cy1 Klyde,Cy1 Dan,«♪» Sal,TNG Dino,mono landon,XIV Korra
Dubzville,λυ Fernandez,XIV Korra,«♪» Sal,Shiny Asuna,pΨ Bally,sl Thunder,RS Stripe,beγønd Akiza
Dams,ban k Kali,XI Feysal,glw Jonny,mono landon,HK1 xWill,sl Brody,TNG Chaos,Ac Thunda
tori yzyan,£★ mura,XIV Korra,Ac Thunda,«♪» Kenny,λυ MatthewAUS,Σz Hintz,Ma* zn,EXO Yoshter
dhavz,glw Jonny,Cy2 Wob,HK2 kitty,Ω Ice,Σz May,[L]2 KA,Ac Thunda,XI Fox
Arvin,£★ Crash,KG Batcake,Ac Kasper,[L]2 KA,«♪» Sal,Mt. Lucid,RISE AceBeaton,RS Stripe
Sardine,XI Xander,«♪» Sal,sl brody,Be`★ FioNa,Σz Hintz,Ω Weexy,Shiny Asuna,XIV Korra
Daze,XI Xander,Shiny Asuna,GUN space,Mt. subaza,Ma* py,HK1 xWill,HEX: setsumi,sl brody
Yoshter,Mι Alberto,HK1 Schwoz,XXX Insane,HK2 Nlaw,ßÿ Fire,@NN1 Mio,RS Skylar,[L]2 Justin
Hydr8ion,βτ Hydr8ion,Rc9 dksc4life,Mate WoomyUS,XIV GabrielUS,TNG Dino,λυ Baked Bean,£★ Mura,Shiny MuraJPN
Alexander,XI Fox,Ac Thunda,[L]2 KA,Mι JackCAN,VM Charichan,XII Yoyoto,JP Mythos,ban k ton
Log,«♪» Walpi,KG Batcake,IF Berry,GAMT Arvo,sl Brody,Ac Thunda,XIV Korra,JP Jesus
Triclops,Ac Thunda,£★ Jeff,IF Berry,JP Jesus,XI Fox,mono Landon,RS Stripe,HK1 xWill
Snoopy,HK1 xWill,IF Berry,XIV Korra,Mt. Fred,«♪» Sal,mono Snowy,sl Brody,beγønd Akiza
jayde,XI Xander,sl MGB,sl Brody,HK1 xWill,HK1 Schwoz,mono Landon,£★ Kevin,RS Stripe
Bboy02,IF Berry,TNG Chaos,RS Stripe,LV Derek,λυ MatthewAUS,Mι JackCAN,Sl Brody,BOT Saru
z joe,XI Xander,£★ Jeff,Ac Thunda,sl Thunder,[L]2 KA,Lε Monty,Rc9 Ankuh,glw draggy
Jesse,Mi Alberto,Shiny Asuna,XIV Korra,Ac Stubbz,sl Thunder,glw Jonny,Ez Soony,Ma* zn